from,to,similarity
101,281,0.93872
1016,1075,0.92137
105,835,0.90097
878,993,0.92481
842,1168,0.94277
257,483,0.91803
354,643,0.90688
717,1007,0.91208
784,787,0.94076
773,1185,0.91473
365,1058,0.91638
36,37,0.94556
145,1093,0.93035
136,711,0.92161
81,118,0.90333
368,441,0.90525
802,1026,0.90848
876,990,0.9059
877,1188,0.92135
486,534,0.93313
457,874,0.95283
855,892,0.90751
119,559,0.9228
812,1007,0.92448
21,198,0.94727
468,847,0.94332
49,1030,0.90461
423,1127,0.90882
99,342,0.91499
779,922,0.91866
22,351,0.90085
59,1093,0.94231
685,826,0.91501
1149,1159,0.9135
1059,1160,0.95245
746,1138,0.90292
90,721,0.92595
247,252,0.92561
232,237,0.91532
11,489,0.90031
515,628,0.92168
91,705,0.90787
123,1182,0.90085
372,835,0.94694
365,451,0.90635
201,1075,0.91813
311,646,0.91133
74,449,0.9108
372,837,0.91547
756,938,0.90339
820,1073,0.91426
73,214,0.90122
119,1055,0.93974
592,923,0.90493
598,809,0.91062
617,1136,0.93359
189,551,0.92898
95,489,0.92014
463,469,0.90292
343,818,0.91124
154,985,0.96207
189,569,0.92519
732,880,0.92653
1110,1122,0.90895
174,1123,0.91783
968,1093,0.90421
649,953,0.9054
1027,1184,0.91212
15,544,0.92781
131,941,0.9098
394,794,0.90416
779,1176,0.91006
962,1050,0.90002
343,876,0.92255
661,1055,0.94381
954,1082,0.92957
287,862,0.91514
163,250,0.90025
569,1105,0.923
378,564,0.92749
532,980,1.0
647,1008,0.90954
827,997,0.9158
914,1083,0.99999
552,809,0.92996
90,313,0.92116
16,509,0.9056
269,712,0.90434
1058,1144,0.93596
553,578,0.90247
82,181,0.93629
118,1036,0.90216
476,1159,0.9049
415,1138,0.90373
1112,1127,0.92024
431,436,0.9135
424,920,0.90726
196,1128,0.90352
591,830,0.92467
106,1052,0.92862
980,1160,0.93769
876,887,0.91487
95,176,0.93029
11,176,0.91395
35,155,0.94521
365,1144,0.92588
859,929,0.90784
942,977,0.92126
1026,1183,0.91905
219,597,0.90543
20,21,0.90464
901,936,0.93265
818,901,0.91119
474,1189,0.90902
285,1003,0.90119
404,1007,0.9149
118,509,0.90605
458,625,0.90195
352,623,0.90208
13,659,0.90478
758,935,0.90678
218,231,0.9019
923,1007,0.92504
311,885,0.90238
46,916,0.93285
574,607,0.90095
13,184,0.94662
741,876,0.90988
288,1103,0.90023
405,812,0.91957
282,1088,0.92973
196,588,0.95763
610,1093,0.90416
574,762,0.91723
181,1036,0.90994
367,606,0.90861
176,435,0.91851
367,992,0.9094
322,617,0.90193
495,536,0.90895
552,993,0.91843
1082,1113,0.91529
145,386,0.9256
662,789,0.90237
880,1029,0.92917
520,1119,1.0
146,903,0.91302
316,1171,0.96816
81,394,0.90983
102,857,0.90247
806,1071,0.94454
820,1095,0.96729
835,870,0.91864
428,574,1.0
252,787,0.97167
424,966,0.9039
530,828,0.90657
190,993,0.90115
8,473,0.92924
807,900,0.91908
828,1109,0.90169
902,1160,0.90369
891,936,0.90915
54,362,0.90953
380,1151,0.91563
944,1148,0.92241
148,459,0.91122
827,1059,0.95941
176,1114,0.93779
842,1167,0.9487
74,451,0.92683
732,1029,0.90802
741,936,0.93257
78,635,0.90217
819,858,0.94471
294,635,0.91158
21,431,0.90491
569,1138,0.91467
945,1071,0.9128
636,691,0.92594
916,1058,1.0
474,476,0.94006
321,539,0.90356
106,133,0.90131
1029,1119,0.91715
582,887,0.95123
553,1105,0.9415
839,944,0.92787
190,405,0.90417
428,817,1.0
582,767,0.92536
827,846,0.91084
552,832,0.91796
1073,1095,0.92329
19,512,0.90278
67,272,0.91863
1022,1148,0.92267
200,485,0.90908
826,1149,0.90928
479,624,1.0
247,862,0.9183
227,810,0.90346
423,491,0.90378
587,708,0.99992
806,820,0.93638
341,397,0.93181
498,961,0.91414
564,905,1.0
625,870,0.93118
189,1105,0.9155
741,891,0.95968
716,1170,0.90624
98,1056,0.90067
113,592,0.91939
1007,1138,0.95259
21,82,0.92256
252,712,0.90047
313,721,0.90931
574,817,1.0
944,1022,0.92462
430,887,0.91972
283,512,0.92133
291,909,0.91691
189,552,0.92004
394,509,0.91721
871,944,0.91813
372,807,0.91729
520,732,0.93443
539,1104,0.90835
378,926,0.95637
291,662,0.91288
754,858,0.90358
99,1058,0.96171
90,262,0.91756
820,1071,0.95646
58,613,0.91984
636,997,0.90647
738,1141,0.91319
54,1113,0.912
316,816,0.90951
247,785,0.91372
176,489,0.93827
47,710,0.91178
593,821,0.91085
115,198,0.90905
290,493,0.92256
162,515,0.90963
507,1097,0.91421
292,634,0.9093
285,328,0.90639
162,823,0.91238
38,292,0.90658
944,1071,0.93798
827,902,0.92537
835,838,0.91505
1168,1170,0.94007
710,860,0.91215
903,1085,0.97827
23,795,0.93168
832,1007,0.91391
563,751,0.90446
746,878,0.93429
61,1093,0.93954
384,498,0.9112
574,1127,0.96055
230,922,0.90114
552,1164,0.93737
702,970,0.9082
703,1076,0.95305
797,1026,0.92683
812,1158,0.9103
817,1151,0.97246
880,1119,0.9473
1027,1140,0.90673
196,1109,0.92081
838,1138,0.96356
712,976,0.91939
838,893,0.90739
19,367,0.93674
315,983,0.93075
1141,1159,0.92766
56,954,0.91247
123,242,0.90205
10,313,0.91841
851,880,0.90088
553,993,0.91098
1102,1150,0.92113
347,980,0.94187
526,1016,0.90002
228,912,0.9321
372,878,0.91653
196,687,0.93689
372,1151,0.91464
828,1075,0.94284
90,128,0.91322
551,569,0.90991
598,1164,0.94574
26,182,0.92394
82,794,0.90458
189,574,0.90193
15,221,0.92197
162,628,0.92501
196,993,0.91293
252,570,0.91062
290,690,0.9302
842,1169,0.93056
476,851,0.90864
283,488,0.91298
314,1159,0.90421
837,870,0.92893
870,893,0.9223
343,582,0.91364
196,878,0.9003
86,570,0.90959
290,542,0.90813
7,493,0.90184
49,486,0.95642
742,1113,0.90324
667,1164,0.91166
634,1055,0.90781
237,674,0.90257
189,428,0.90199
447,618,0.91118
37,939,0.98499
409,888,1.0
140,331,0.91302
582,876,0.90053
878,1112,0.90567
871,1006,0.90508
208,730,0.91193
664,1182,0.92069
573,902,0.92352
553,832,0.9218
660,1071,0.94149
86,1039,0.91122
741,767,0.91985
423,574,0.91869
119,777,0.94655
126,250,0.90846
837,838,0.92607
85,323,0.90626
217,411,0.91622
253,862,0.90511
10,721,0.9009
838,878,0.93098
73,909,0.91991
404,1138,0.90932
299,980,0.90138
785,787,0.90917
572,829,0.90164
993,1138,0.90093
591,1111,0.92485
406,530,0.903
366,754,0.90978
280,1181,0.91129
794,1036,0.90906
699,1159,0.92248
809,1138,0.92097
830,1160,0.90149
870,1138,0.94908
276,510,0.92598
285,766,0.9005
768,1171,1.0
732,1119,0.93445
2,125,0.90393
101,754,0.94481
201,773,0.92358
690,790,0.94742
494,495,0.94365
541,832,0.93696
372,838,0.94851
656,969,0.90005
871,1095,0.91768
135,1055,0.90704
385,904,0.9453
405,454,0.90184
156,259,0.98789
347,532,0.94191
488,512,0.93298
598,667,0.94207
125,247,0.91974
43,452,0.90132
853,1126,0.93253
787,982,0.904
60,849,0.96646
85,754,0.94037
685,1141,0.93576
372,574,0.91523
564,927,0.9302
345,1157,0.91055
383,1038,0.92603
570,787,0.90213
552,782,0.9053
189,817,0.90193
153,648,0.91948
430,741,0.90259
661,693,0.93735
596,849,0.90769
551,1007,0.90467
473,525,0.9236
534,613,0.93097
530,1075,0.90046
46,1058,0.93284
386,1093,0.93486
67,291,0.9021
646,885,0.90165
148,878,0.90878
493,708,0.90642
79,723,0.92221
561,758,0.90065
49,534,0.932
593,878,0.90121
669,678,0.93093
926,927,0.94536
424,936,0.92228
372,380,0.93624
552,667,0.92328
552,1007,0.98521
520,880,0.94734
80,749,0.91317
867,902,0.9073
797,1183,0.92783
451,916,0.90038
372,1138,0.93777
459,762,0.90381
773,1109,0.90575
16,394,0.93457
79,80,0.91306
133,978,0.92739
1129,1130,1.0
61,386,0.90761
285,731,0.91343
428,762,0.91729
216,597,0.90569
708,1076,1.0
39,50,0.91508
1106,1151,0.91594
386,968,0.90086
63,509,0.90565
608,1135,1.0
365,916,0.91638
922,1176,0.90325
807,870,0.9016
451,1144,0.93753
108,1092,0.95234
273,509,0.93914
976,1120,0.90538
559,693,0.90247
436,794,0.92893
131,755,0.9002
549,615,0.92214
196,1185,0.93697
404,993,0.93578
404,598,0.93421
776,1185,0.90508
1141,1149,0.96859
82,1036,0.92177
721,935,0.91733
537,580,0.91151
287,1122,0.95515
21,115,0.90858
148,458,0.90521
107,498,0.9431
551,667,0.939
871,1071,0.94239
33,536,0.91077
19,241,0.903
304,815,1.0
55,515,0.90771
247,712,0.91437
18,678,0.90323
133,426,0.94062
103,128,0.91438
287,1110,0.90581
73,789,0.92038
99,916,0.96171
210,1122,0.91561
929,997,0.90991
906,910,1.0
907,1099,0.94473
17,394,0.90863
54,402,0.90348
305,322,0.93602
794,795,1.0
582,990,0.92512
56,1113,0.91788
414,859,0.95659
21,235,0.90088
592,1138,0.90338
214,342,0.90104
450,1115,0.90003
598,629,0.91017
375,574,0.93051
102,263,0.91904
1003,1131,0.90034
236,273,0.9471
598,878,0.90615
678,808,0.90801
133,1052,0.91462
514,606,0.91514
213,686,0.92093
916,1144,0.93602
86,628,0.94446
1040,1183,0.92269
79,586,0.92418
43,1140,0.90427
428,870,0.90523
459,870,0.90162
569,1007,0.94585
571,851,0.97239
886,1160,0.90013
495,731,0.90351
7,1026,0.93283
429,593,0.92978
394,1036,0.91232
1112,1151,0.90344
784,982,0.91517
746,870,0.92627
1049,1186,0.91806
80,793,0.90583
401,1150,0.90218
162,324,0.91561
404,551,0.92156
511,730,0.91321
90,186,0.93002
252,862,0.92738
588,1157,0.90004
219,485,0.90154
414,929,0.92849
441,1122,0.90506
404,1164,0.92671
343,741,0.96118
27,341,0.90087
662,903,0.90051
23,794,0.93165
569,667,0.91435
767,899,0.93053
237,752,0.91071
649,1011,0.94641
959,960,1.0
785,903,0.91247
1005,1009,0.90254
11,95,0.90903
654,1149,0.90812
648,747,0.92831
247,784,0.91655
173,439,0.90309
785,862,0.90579
827,980,0.9405
34,85,0.94248
318,876,0.90465
7,322,0.92938
372,459,0.92105
458,1106,0.90677
263,309,0.9316
291,789,0.93099
1010,1108,0.90502
602,813,0.99573
74,1058,0.9153
404,1016,0.90057
597,634,0.92757
401,563,0.90425
343,767,0.91277
570,976,0.91802
328,823,0.90926
137,308,0.91851
1019,1023,0.91339
625,762,0.90481
846,980,0.92793
405,1158,0.92687
598,1007,0.93261
125,787,0.93563
189,598,0.91024
147,378,0.91049
474,1159,0.91141
549,1183,0.91962
552,878,0.93054
905,926,0.91406
49,1031,0.9608
168,404,0.92448
375,380,1.0
154,445,0.91154
870,1007,0.90393
889,1040,0.90296
146,245,0.93608
746,838,0.92513
327,864,0.93738
493,1136,0.90852
812,878,0.91509
488,783,0.90077
375,1127,0.90867
302,728,0.91963
597,896,0.90927
495,1103,0.9014
428,1127,0.96055
317,813,0.9226
643,756,0.90506
43,145,0.90951
100,364,0.92278
43,622,0.91184
80,671,0.91662
459,807,0.91762
342,1144,0.90618
1159,1188,0.91182
232,760,0.90133
489,1114,0.93665
678,1072,0.90681
372,817,0.9153
395,738,0.91493
86,515,0.94353
428,746,0.90557
8,525,0.94659
220,1174,0.95696
520,571,0.90685
428,878,0.92712
712,1120,0.9416
582,749,0.91291
524,777,0.90987
532,691,0.91109
431,795,0.90749
369,649,0.91165
682,993,0.90775
135,693,0.90453
254,482,0.91584
79,749,0.95525
81,431,0.90547
602,980,0.90425
553,827,0.90292
406,1185,0.91852
305,496,0.9003
668,795,0.93747
463,593,0.90029
490,870,0.90515
838,1007,0.91006
190,552,0.90058
148,870,0.91301
23,668,0.90183
118,795,0.90995
71,654,0.93023
216,469,0.93172
476,653,0.90729
570,1120,0.95135
201,406,0.94566
699,1188,0.9214
201,828,0.95892
541,1139,0.91148
74,558,0.9107
549,1026,0.94783
871,1022,0.90874
746,817,0.90551
541,923,0.94929
505,894,0.92451
551,993,0.93034
552,838,0.91253
163,794,0.90683
230,779,0.92024
101,102,0.91564
648,978,0.94023
395,1141,0.91897
268,530,0.93137
106,153,0.90712
135,634,0.9537
908,1131,0.90433
307,896,0.93804
271,852,0.90063
82,394,0.90656
95,1114,0.94186
43,657,0.91725
42,241,0.90498
564,926,0.91406
881,1065,0.93553
262,721,0.90808
316,768,0.96816
755,1008,0.90623
806,871,0.92087
217,864,0.93938
375,762,0.95285
74,916,0.91538
551,878,0.92931
419,1079,0.95824
582,901,0.91362
901,990,0.94683
468,523,0.92979
619,811,0.91903
310,948,1.0
691,902,0.91238
614,1157,0.92007
1169,1170,0.92954
523,991,0.91016
146,1085,0.9211
190,667,0.90879
447,629,0.9277
262,313,0.91492
1167,1169,0.97593
541,553,0.90168
741,867,0.90202
721,1178,0.91443
349,798,0.9176
273,1030,0.91525
552,592,0.92553
117,661,0.9279
161,1043,0.92013
450,612,0.913
148,1106,0.90167
826,1141,0.92339
65,117,0.90338
59,460,0.90803
584,859,0.91072
47,860,0.95244
552,569,0.9482
367,488,0.9131
113,168,0.90158
247,787,0.90989
322,496,0.91914
592,832,0.90365
334,398,0.92945
106,426,0.92807
730,777,0.92786
406,893,0.90703
85,263,0.9178
404,782,0.90885
870,1151,0.90948
878,1151,0.92288
838,993,0.9097
571,1119,0.9068
663,1055,0.90393
476,571,0.91296
254,655,0.92664
527,715,0.94646
762,870,0.92335
575,944,0.90463
98,410,0.90035
163,795,0.90689
49,127,0.90649
85,102,0.91451
870,1127,0.90118
222,737,0.94273
1077,1107,0.90067
404,923,0.90865
717,1164,0.90085
423,424,0.90238
189,667,0.9228
143,1040,0.97399
103,721,0.90902
1022,1071,0.9249
119,693,0.93394
423,1151,0.90877
299,532,0.90145
650,1003,0.90612
81,1036,0.90723
53,214,0.9059
569,1164,0.90571
553,878,0.91196
346,520,0.9027
392,509,0.90578
89,897,1.0
668,794,0.93736
162,570,0.90404
10,170,0.93287
592,667,0.90543
747,978,0.97142
357,1121,0.9085
307,322,0.92837
572,721,0.91484
639,1018,0.90524
723,778,0.90942
458,878,0.92016
343,901,1.0
317,602,0.91862
372,375,0.93621
252,1039,0.96139
935,1177,0.92441
569,809,0.90587
891,901,0.9394
582,1018,0.9022
16,118,0.90728
186,857,0.92692
486,583,0.9045
925,930,0.92852
30,1028,0.9272
425,1068,0.90831
509,1036,0.96026
641,642,0.95674
228,400,0.91203
380,428,0.93055
762,838,0.91486
546,756,0.90612
569,598,0.91711
125,862,0.91127
215,586,0.9008
211,560,0.92816
386,610,0.90085
628,841,0.9038
898,923,0.90085
66,510,0.90004
159,558,0.91837
78,633,0.90151
446,971,1.0
993,1164,0.91671
536,1144,0.9152
90,572,0.91795
148,1138,0.92476
650,908,0.9058
281,643,0.90261
923,1139,0.93532
685,1159,0.9531
23,81,0.95098
594,595,1.0
372,870,0.94597
31,155,0.91418
375,1151,0.91561
592,1164,0.91727
1071,1073,0.90064
317,886,0.9005
148,457,0.93253
46,1144,0.9038
73,1085,0.91605
388,1137,0.9389
404,832,0.90358
102,309,0.91132
253,982,0.91146
507,1131,0.94023
221,544,0.90698
1105,1164,0.91423
20,63,0.91767
552,598,0.94064
380,762,0.95287
12,504,0.92972
636,827,0.92737
79,671,0.9302
63,394,0.90223
672,678,0.90443
272,858,0.90178
394,795,0.90423
92,797,0.90057
586,778,0.91302
428,1106,0.91393
23,431,0.90047
196,1075,0.91464
767,990,0.92383
636,1059,0.91464
64,1117,1.0
625,1138,0.91077
726,950,0.93555
997,1173,0.90059
153,747,0.91989
54,742,0.9113
405,878,0.92151
307,634,0.90412
375,428,0.93055
877,1159,0.92251
592,993,0.91753
1106,1128,0.9065
52,515,0.90525
551,923,0.90191
436,1036,0.91194
92,1183,0.94673
836,907,0.90438
1116,1155,0.91231
342,916,0.90954
301,979,0.9256
324,1039,0.90463
563,741,0.90235
607,1151,0.9225
71,215,0.90015
590,758,0.94689
815,816,0.92537
285,823,0.91354
365,536,0.93563
549,797,0.93016
317,532,0.90962
758,912,0.90243
762,1138,0.91263
719,1010,0.90188
746,993,0.91189
591,1160,0.92184
496,897,0.91795
532,1059,0.95894
569,993,0.90579
1168,1169,0.98258
317,1160,0.92712
322,1026,0.90413
625,838,0.92462
592,598,0.92417
949,1108,0.99983
154,700,0.95551
598,714,0.92376
429,1106,0.9456
676,805,0.91573
728,886,0.93966
343,936,0.93262
699,877,0.99997
252,982,0.9284
392,1030,0.92231
749,778,0.91602
285,628,0.9001
1026,1136,0.9104
48,430,0.90072
1063,1065,0.92602
113,857,0.908
189,878,0.95197
117,562,0.90525
614,753,0.90092
19,992,0.90763
86,785,0.90675
396,656,0.90189
876,891,0.90752
485,976,0.90699
832,1139,0.9384
147,926,0.93471
380,1127,0.90868
73,903,0.91497
69,282,0.92973
447,598,0.90015
809,1007,0.94879
22,250,0.9001
552,870,0.90837
493,587,0.90668
830,1111,0.90975
106,1163,0.91108
148,812,0.92175
116,208,0.90693
534,1031,0.93442
81,795,0.91241
548,1174,0.98168
162,731,0.91217
146,460,0.90465
806,1095,0.92463
687,773,0.91461
878,1128,0.91811
189,1138,0.91912
868,1120,0.9013
601,782,0.9399
153,978,0.93522
452,879,0.91495
73,643,0.91204
128,935,0.9109
661,663,0.91769
993,1007,0.9084
532,602,0.90429
48,582,0.90582
386,460,0.92001
22,75,0.91617
423,428,0.91879
297,300,0.90828
578,1106,0.90781
385,500,0.94537
356,718,0.92289
92,615,0.92364
46,785,0.92076
977,1029,0.91376
445,985,0.92849
79,793,0.9061
832,923,0.96148
528,555,0.99367
277,284,0.94576
86,162,0.92533
467,1016,0.90856
486,1031,0.98239
404,870,0.90751
785,1058,0.90179
891,990,0.90869
189,553,0.92773
96,800,0.97899
403,1183,0.91043
128,1177,0.91066
9,56,0.90255
716,1167,0.91219
654,1141,0.90395
190,878,0.92678
128,313,0.90425
867,887,0.9121
203,1187,0.90039
490,1106,0.91158
1140,1184,0.9013
546,643,0.93071
723,749,0.92452
487,557,0.90308
55,86,0.92932
143,797,0.91605
46,99,0.92034
657,793,0.90267
878,1164,0.90236
597,1091,0.91382
131,835,0.9032
1054,1063,0.91539
170,357,0.9194
612,1115,0.90224
515,1144,0.92457
196,773,0.92226
465,659,0.94413
827,834,0.9119
553,1139,0.91009
369,1011,0.91881
232,753,0.90278
484,719,0.95856
1111,1160,0.93283
464,1072,0.90069
250,486,0.9052
674,753,0.90893
54,1082,0.96509
355,391,0.91976
615,1183,0.95415
53,61,0.90505
458,838,0.91193
340,1070,0.9082
118,181,0.9069
490,1151,0.9209
741,818,0.90927
611,709,0.91949
414,584,0.92433
20,774,0.92814
241,512,0.90237
1110,1121,0.91844
35,872,0.90363
119,661,0.90004
660,944,0.90329
978,1163,0.91102
252,976,0.90419
397,440,1.0
812,1138,0.9296
358,643,0.91919
593,665,0.91957
662,909,0.90452
305,307,0.92976
148,838,0.92316
563,876,0.91623
887,901,0.95048
935,1178,0.92441
458,1138,0.91083
687,776,0.90504
143,1183,0.96738
838,870,0.97237
588,1109,0.91425
559,1055,0.90954
551,553,0.90375
148,405,0.90596
630,761,0.90263
181,795,0.91557
785,1039,0.92415
79,778,0.94395
570,1039,0.9113
313,572,0.90439
406,687,0.91837
493,1076,0.90642
787,862,0.90982
551,598,0.91463
622,710,0.90584
610,968,1.0
33,705,0.90022
202,988,0.9418
741,990,0.93486
150,383,0.90691
700,985,0.97724
59,61,0.92189
569,878,0.92787
586,749,0.93186
406,1075,0.94185
660,1022,0.90382
424,490,0.92555
598,1138,0.91533
817,1127,0.96058
415,870,0.90789
86,285,0.93365
247,1120,0.90043
420,877,0.90956
870,993,0.91924
52,688,0.90875
405,593,0.93368
78,315,0.94061
317,980,0.90959
432,1107,0.90425
982,1039,0.92134
629,717,0.90621
217,1003,0.91353
85,309,0.9142
422,934,0.9247
430,582,0.94051
372,415,0.90552
731,823,0.99999
135,305,0.90894
837,1138,0.91207
458,874,0.90099
54,56,0.95388
410,1056,0.99964
273,1036,0.91961
665,821,0.92651
669,808,0.91116
309,366,0.91491
23,118,0.9158
150,324,0.94078
457,919,0.90137
467,526,0.91162
552,1105,0.91209
34,754,0.91038
43,79,0.91482
813,980,0.90555
1071,1095,0.93896
305,896,0.9038
314,685,0.9265
846,1059,0.92551
423,458,0.90514
286,482,0.90147
117,548,0.90208
307,1091,0.90608
582,891,0.93158
273,392,0.9328
189,993,0.91898
613,1044,0.91775
570,712,0.93874
52,449,0.92567
101,366,0.90159
574,665,0.90538
682,878,0.91261
21,1035,0.92113
431,794,0.90747
148,762,0.94375
328,731,0.90944
667,1138,0.90843
82,436,0.90602
406,828,0.95443
415,838,0.90657
341,1176,0.9039
561,1100,0.91558
1012,1108,0.90627
113,404,0.91983
693,1055,0.99136
69,1088,1.0
773,828,0.94724
490,1112,0.90766
671,723,0.92962
198,554,0.96439
598,717,0.93903
404,569,0.90131
878,1105,0.9136
247,1039,0.93756
634,976,0.91402
520,1069,0.91131
56,1082,0.95174
148,835,0.91899
725,1119,0.90465
19,488,0.92985
570,634,0.9021
820,871,0.92608
314,826,0.90754
884,930,0.90096
311,564,0.91005
507,748,0.91421
712,868,0.90931
759,785,0.9031
406,588,0.90045
552,923,0.93275
510,788,0.90147
851,1119,0.92445
748,1097,1.0
128,721,0.94009
264,460,0.91236
827,1160,0.94012
145,460,0.90883
190,1138,0.90339
785,1144,0.90204
430,891,0.91036
674,728,0.90786
258,474,0.90906
56,742,0.90551
99,1144,0.92926
264,1085,0.90944
263,754,0.91706
384,961,0.93557
981,1083,1.0
767,887,0.93193
551,592,0.92786
618,1166,0.91394
354,756,0.90012
232,752,0.90347
186,829,0.92451
647,835,0.90629
63,1030,0.91123
279,280,0.91042
47,1184,0.93159
34,857,0.91702
784,1039,0.94963
163,1004,0.91455
1006,1071,0.90569
207,525,0.90293
23,436,0.91895
674,752,0.90026
237,753,0.91672
590,912,0.93953
493,703,0.92653
574,746,0.90545
250,1004,0.98344
148,874,0.94483
103,572,0.90578
372,1127,0.90591
428,1151,0.97248
219,260,0.93116
394,436,0.9044
509,1030,0.90424
615,1026,0.94524
878,1007,0.9309
625,837,0.9287
380,574,0.93051
210,287,0.90957
148,876,0.91713
148,372,0.9538
590,764,0.90311
1018,1165,0.91594
305,1120,0.9056
170,171,0.91613
485,634,0.90632
416,418,0.94037
292,485,0.94839
348,1119,0.91599
615,797,0.92343
799,1117,0.9425
323,754,0.90697
324,570,0.90309
902,1059,0.90396
19,283,0.90566
515,1045,0.90607
578,1105,0.90259
828,1152,0.90032
86,766,0.91029
182,363,0.92449
431,1036,0.92135
532,846,0.92794
768,816,0.90276
923,1138,0.90969
79,1087,0.90579
738,1149,0.91949
494,549,0.90398
252,784,0.94618
588,687,0.91709
304,816,0.92537
817,1106,0.91389
405,746,0.91078
579,961,0.91205
50,249,0.95368
401,741,0.90319
296,780,0.91025
552,717,0.91178
820,945,0.90073
73,662,0.92411
949,1010,0.90419
851,1069,0.90193
15,114,0.90752
874,882,0.93857
787,1039,0.93727
10,357,0.91867
92,143,0.92354
252,253,0.92531
490,817,0.93275
451,558,0.90389
162,285,0.90712
449,1045,0.90318
254,501,0.9288
746,810,0.91849
189,809,0.94046
773,1075,0.95268
214,358,0.92491
7,617,0.9563
415,625,0.90028
502,1080,0.91951
36,939,0.94216
209,946,0.9068
795,1036,0.90908
423,490,0.92838
170,1121,0.90207
305,570,0.91082
1167,1168,0.99279
622,657,0.90783
451,1058,0.90034
148,807,0.91096
343,887,0.95051
607,817,0.90098
626,627,0.97495
821,1158,0.91317
435,489,0.9188
26,363,0.93242
102,754,0.92484
598,993,0.90646
741,887,0.94141
74,99,0.91172
1051,1073,0.90368
393,758,0.91902
264,903,0.90266
521,991,0.94474
250,1031,0.90548
305,634,0.9316
436,795,0.92896
145,879,0.90026
443,471,0.90245
133,747,0.91159
163,486,0.90761
405,821,0.91343
7,1136,0.92604
348,520,0.91599
1052,1163,0.90546
402,612,0.91344
551,552,0.93147
550,827,0.94586
476,1069,0.91471
636,665,0.90039
236,509,0.91669
785,1085,0.90758
60,596,0.92975
119,788,0.91917
405,665,0.94465
426,978,0.95472
657,1140,0.90379
238,1027,0.90931
561,992,0.90231
1037,1157,0.90729
101,309,0.91462
1177,1178,1.0
144,442,0.92777
348,880,0.92485
500,904,1.0
919,1157,0.91043
182,689,0.91582
880,1069,0.91183
119,276,0.91097
117,276,0.9363
343,990,0.94687
716,842,0.90074
762,1151,0.91333
13,465,0.90736
474,653,0.92042
78,983,0.94176
762,812,0.90638
258,1189,1.0
217,908,0.90235
22,120,0.90854
780,1157,0.90417
817,878,0.92709
762,837,0.9003
27,656,0.90548
703,708,0.95305
835,1138,0.91687
826,1159,0.9175
629,714,0.90603
741,901,0.96117
16,706,0.94385
493,1026,0.9122
181,431,0.91736
426,648,0.90639
1004,1031,0.90851
21,295,0.92115
358,662,0.90752
634,1012,0.90531
341,440,0.93181
592,1007,0.91106
729,777,0.91002
482,501,0.94213
667,993,0.90528
125,784,0.97032
295,1035,1.0
159,451,0.90983
636,1106,0.91845
128,262,0.92212
7,589,0.90926
669,1023,0.91826
346,1119,0.90263
142,799,0.94161
262,572,0.90419
428,490,0.93274
687,1185,1.0
846,1160,0.90833
1075,1109,0.90134
449,515,0.94529
189,1007,0.93248
238,860,0.90722
980,1059,0.95891
276,788,0.94301
912,913,0.90522
56,357,0.90689
375,817,0.9306
125,1039,0.93839
311,905,0.91005
253,787,0.92444
420,699,0.90968
100,857,0.91581
395,1149,0.92807
923,993,0.90477
672,1023,0.90051
667,878,0.92988
168,592,0.92694
993,1105,0.90399
1014,1155,0.9158
73,291,0.92012
128,1178,0.91066
545,847,0.91037
470,974,0.99998
61,460,0.90149
887,891,0.92649
574,1151,0.97246
762,835,0.92695
342,365,0.90483
1069,1159,0.90164
181,394,0.90688
163,1031,0.90539
809,878,0.90558
628,791,0.91425
426,1052,0.93117
887,990,0.97997
716,1168,0.91036
1167,1170,0.93208
949,1012,0.90612
120,351,0.93338
372,625,0.93334
721,1177,0.91443
287,1180,0.90547
45,517,0.99998
553,923,0.92005
54,954,0.91376
553,1007,0.93415
305,976,0.90161
281,754,0.91524
542,690,0.91583
34,102,0.90748
362,1028,0.9061
634,712,0.90249
671,749,0.9274
458,870,0.91904
495,823,0.9035
613,951,0.90167
485,1012,0.91299
552,1138,0.94792
867,990,0.90298
247,766,0.90332
622,860,0.90431
1007,1164,0.92888
110,598,0.91745
532,827,0.94051
646,647,0.96138
714,1164,0.91505
573,1173,0.92774
459,1138,0.9043
862,1180,0.92284
81,181,0.90392
707,775,0.94857
101,270,0.92042
636,902,0.92497
10,263,0.90623
426,1163,0.91479
57,461,0.90911
372,874,0.91062
862,1039,0.94642
878,1127,0.91106
618,1179,0.92131
196,746,0.90128
82,431,0.96737
125,982,0.91743
181,794,0.91559
838,923,0.90644
248,272,0.92561
462,613,0.91526
428,607,0.90101
61,245,0.90454
900,1098,0.90143
146,244,0.9213
43,879,0.92469
964,1029,0.95958
343,891,0.93938
636,1160,0.91546
118,436,0.91795
281,309,0.90338
323,496,0.90089
714,782,0.91375
490,966,0.91356
306,754,0.90125
172,461,0.90003
385,1018,0.92814
532,813,0.9056
574,870,0.90519
217,327,0.93012
237,760,0.91097
942,1029,0.90463
784,862,0.92783
65,719,0.9112
752,753,0.97966
114,517,0.92331
553,809,0.90415
532,1160,0.93773
596,865,0.90065
617,1026,0.94147
1029,1069,0.90775
378,905,0.92749
1069,1119,0.91125
32,688,0.94116
404,592,0.97707
672,1019,0.96737
11,1114,0.91239
762,817,0.91731
81,794,0.91237
125,252,0.94846
380,817,0.9306
850,1004,0.90263
189,746,0.9225
908,1003,0.96253
408,872,0.90028
878,1106,0.90996
486,1030,0.90422
449,1144,0.92512
86,791,0.90661
820,944,0.90782
782,1164,0.91523
429,578,0.90496
614,752,0.9057
33,789,0.90554
429,636,0.9022
260,480,0.9169
767,901,0.91277
61,145,0.9334
665,1158,0.92717
520,725,0.90464
574,1106,0.91382
347,846,0.939
691,1059,0.90767
876,901,0.92257
553,569,0.92599
762,874,0.90596
393,590,0.90486
490,878,0.90367
143,615,0.9277
305,712,0.93153
118,794,0.90989
665,817,0.90534
220,548,0.95988
593,1106,0.92927
1138,1164,0.90855
6,353,0.90224
428,665,0.90545
18,669,0.909
42,488,0.90036
448,476,0.90963
92,1026,0.91047
593,746,0.90416
870,878,0.92992
787,1012,0.91048
742,1082,0.90232
579,1090,0.90543
81,82,0.9124
102,366,0.92073
691,997,0.90822
196,406,0.92215
252,785,0.92283
89,496,0.91797
625,835,0.9162
423,487,0.92987
552,553,0.92638
31,35,0.9196
587,703,0.95345
321,1104,0.90697
574,878,0.92707
573,997,0.92539
175,210,0.94228
181,436,0.91168
214,643,0.91827
253,784,0.91183
587,1076,0.99992
598,782,0.90748
460,1093,0.90697
691,980,0.91104
717,812,0.91497
344,349,0.91935
896,1091,0.90247
311,378,0.92513
82,795,0.90462
81,436,0.92356
490,574,0.93268
318,563,0.92162
25,69,0.96768
835,1008,0.91319
244,245,0.90345
600,1153,0.90897
667,1007,0.9104
1106,1112,0.9658
288,862,0.91036
73,358,0.93402
552,812,0.92503
789,909,0.92723
309,754,0.93073
287,1103,0.90034
636,980,0.91602
1109,1152,0.90727
578,636,0.9235
82,509,0.90376
762,1127,0.90266
691,827,0.92656
520,1029,0.91718
354,546,0.95358
429,878,0.90292
21,554,0.93617
660,820,0.91367
60,865,0.9099
367,783,0.91268
405,429,0.92194
593,636,0.92299
839,1006,0.90198
372,762,0.98172
133,1163,0.96633
807,838,0.9076
307,597,0.92128
372,428,0.91527
429,1112,0.93192
404,667,0.90336
566,760,0.90646
73,543,0.90058
378,927,0.98057
445,700,0.93402
10,90,0.90898
583,1031,0.9048
59,386,0.92877
905,927,0.9302
72,835,0.91165
28,144,0.90999
64,799,0.9425
578,1112,0.91248
38,485,0.93474
94,1014,0.96949
34,263,0.90022
32,52,0.91146
19,42,0.91544
122,1100,0.90845
286,288,0.92503
73,536,0.91756
406,773,0.97254
201,530,0.90748
90,857,0.92085
816,1171,0.90276
342,1058,0.90958
515,785,0.92624
588,1185,0.91717
118,394,0.92531
349,460,0.91948
134,288,0.92008
311,927,0.93353
590,1051,0.93607
34,366,0.90004
59,145,0.91958
372,458,0.90132
563,582,0.91432
459,835,0.90445
573,827,0.93143
153,426,0.9132
807,1138,0.90288
839,871,0.92446
593,1112,0.90221
678,1023,0.9136
725,880,0.90274
495,797,0.90032
912,1051,0.9019
41,664,0.90893
593,1158,0.90096
493,617,0.91972
817,870,0.90525
625,893,0.90192
878,1138,0.95824
486,1004,0.90955
964,977,0.92908
74,1144,0.93873
186,721,0.90043
490,1127,0.91495
842,1170,0.92451
902,997,0.97367
1127,1151,0.94316
758,1051,0.90536
1007,1105,0.91699
914,981,0.99999
618,629,0.9127
490,607,0.90788
431,509,0.90002
47,622,0.91152
582,741,0.92536
404,552,0.92915
426,747,0.94009
22,126,0.93755
401,990,0.90303
570,868,0.90164
1107,1133,0.91435
73,785,0.90525
25,1088,0.96768
693,788,0.90086
520,851,0.92446
598,812,0.91098
785,916,0.90177
532,636,0.91604
25,282,0.90752
45,114,0.92375
232,566,0.91238
423,817,0.9188
633,983,0.9018
751,818,0.90204
